{
  "Total" : {
    "transaction" : "Total",
    "sampleCount" : 50,
    "errorCount" : 0,
    "errorPct" : 0.0,
    "meanResTime" : 36.33999999999998,
    "medianResTime" : 5.0,
    "minResTime" : 2.0,
    "maxResTime" : 152.0,
    "pct1ResTime" : 122.69999999999999,
    "pct2ResTime" : 134.45,
    "pct3ResTime" : 152.0,
    "throughput" : 59.45303210463734,
    "receivedKBytesPerSec" : 13.353708382877528,
    "sentKBytesPerSec" : 7.373569411414983
  },
  "HTTP Request" : {
    "transaction" : "HTTP Request",
    "sampleCount" : 50,
    "errorCount" : 0,
    "errorPct" : 0.0,
    "meanResTime" : 36.33999999999998,
    "medianResTime" : 5.0,
    "minResTime" : 2.0,
    "maxResTime" : 152.0,
    "pct1ResTime" : 122.69999999999999,
    "pct2ResTime" : 134.45,
    "pct3ResTime" : 152.0,
    "throughput" : 59.45303210463734,
    "receivedKBytesPerSec" : 13.353708382877528,
    "sentKBytesPerSec" : 7.373569411414983
  }
}